{"p_crit" : {
    "basic" : {
        
            "N2": 3.394000,
            "CO2": 7.387000,
            "H2S": 8.937000,
            "C1": 4.604000,
            "C2": 4.884000,
            "C3": 4.246000,
            "iC4": 3.648000,
            "nC4": 3.797000,
            "iC5": 3.389000,
            "nC5": 3.70000,
            "C6": 3.104     
    } 
},
"t_crit" : {
    "basic": {
        "N2": 126.19,
        "CO2": 304.69,
        "H2S": 373.59,
        "C1": 190.59,
        "C2": 305.42,
        "C3": 369.79,
        "iC4": 408.09,
        "nC4": 425.19,
        "iC5": 460.39,
        "nC5": 469.59,
        "C6": 507.500
    }
}, 
"acentric_factor": {
    "basic": {
        "N2": 0.04,
        "CO2": 0.225,
        "H2S": 0.1,
        "C1": 0.013,
        "C2": 0.0986,
        "C3 ": 0.1524,
        "iC4": 0.184,
        "nC4": 0.201,
        "iC5": 0.227,
        "nC5": 0.251,
        "C6": 0.252
    }
},
"molar_mass": {
    "basic": {
        "N2": 28.013,
        "CO2": 44.010,
        "H2S": 34.076,
        "C1": 16.043,
        "C2": 30.070,
        "C3": 44.097,
        "iC4": 58.124,
        "nC4": 58.1,
        "iC5": 72.151,
        "nC5": 72.151,
        "C6 ": 86.177
    }
},
"shift_parametr": {
    "basic": {
        "N2": -0.1927,
        "CO2": -0.0817,
        "H2S": -0.1288,
        "C1": -0.1595,
        "C2": -0.1134,
        "C3": -0.0863,
        "iC4": -0.0844,
        "nC4": -0.094,
        "iC5": -0.0608,
        "nC5": -0.0390,
        "C6": -0.008
    }
},
"bips": {
    "basic": {}
}
}